code,name,type,combo
1_1,bulbasaur,planta,planta/veneno
1_2,bulbasaur,veneno,planta/veneno
2_1,ivysaur,planta,planta/veneno
2_2,ivysaur,veneno,planta/veneno
3_1,venusaur,planta,planta/veneno
3_2,venusaur,veneno,planta/veneno
4_1,charmander,fuego,fuego
5_1,charmeleon,fuego,fuego
6_1,charizard,fuego,fuego/volador
6_2,charizard,volador,fuego/volador
7_1,squirtle,agua,agua
8_1,wartortle,agua,agua
9_1,blastoise,agua,agua
10_1,caterpie,bicho,bicho
11_1,metapod,bicho,bicho
12_1,butterfree,bicho,bicho/volador
12_2,butterfree,volador,bicho/volador
13_1,weedle,bicho,bicho/veneno
13_2,weedle,veneno,bicho/veneno
14_1,kakuna,bicho,bicho/veneno
14_2,kakuna,veneno,bicho/veneno
15_1,beedrill,bicho,bicho/veneno
15_2,beedrill,veneno,bicho/veneno
16_1,pidgey,normal,normal/volador
16_2,pidgey,volador,normal/volador
17_1,pidgeotto,normal,normal/volador
17_2,pidgeotto,volador,normal/volador
18_1,pidgeot,normal,normal/volador
18_2,pidgeot,volador,normal/volador
19_1,rattata,normal,normal
20_1,raticate,normal,normal
21_1,spearow,normal,normal/volador
21_2,spearow,volador,normal/volador
22_1,fearow,normal,normal/volador
22_2,fearow,volador,normal/volador
23_1,ekans,veneno,veneno
24_1,arbok,veneno,veneno
25_1,pikachu,eléctrico,eléctrico
26_1,raichu,eléctrico,eléctrico
27_1,sandshrew,tierra,tierra
28_1,sandslash,tierra,tierra
29_1,nidoran-f,veneno,veneno
30_1,nidorina,veneno,veneno
31_1,nidoqueen,veneno,veneno/tierra
31_2,nidoqueen,tierra,veneno/tierra
32_1,nidoran-m,veneno,veneno
33_1,nidorino,veneno,veneno
34_1,nidoking,veneno,veneno/tierra
34_2,nidoking,tierra,veneno/tierra
35_1,clefairy,hada,hada
36_1,clefable,hada,hada
37_1,vulpix,fuego,fuego
38_1,ninetales,fuego,fuego
39_1,jigglypuff,normal,normal/hada
39_2,jigglypuff,hada,normal/hada
40_1,wigglytuff,normal,normal/hada
40_2,wigglytuff,hada,normal/hada
41_1,zubat,veneno,veneno/volador
41_2,zubat,volador,veneno/volador
42_1,golbat,veneno,veneno/volador
42_2,golbat,volador,veneno/volador
43_1,oddish,planta,planta/veneno
43_2,oddish,veneno,planta/veneno
44_1,gloom,planta,planta/veneno
44_2,gloom,veneno,planta/veneno
45_1,vileplume,planta,planta/veneno
45_2,vileplume,veneno,planta/veneno
46_1,paras,bicho,bicho/planta
46_2,paras,planta,bicho/planta
47_1,parasect,bicho,bicho/planta
47_2,parasect,planta,bicho/planta
48_1,venonat,bicho,bicho/veneno
48_2,venonat,veneno,bicho/veneno
49_1,venomoth,bicho,bicho/veneno
49_2,venomoth,veneno,bicho/veneno
50_1,diglett,tierra,tierra
51_1,dugtrio,tierra,tierra
52_1,meowth,normal,normal
53_1,persian,normal,normal
54_1,psyduck,agua,agua
55_1,golduck,agua,agua
56_1,mankey,lucha,lucha
57_1,primeape,lucha,lucha
58_1,growlithe,fuego,fuego
59_1,arcanine,fuego,fuego
60_1,poliwag,agua,agua
61_1,poliwhirl,agua,agua
62_1,poliwrath,agua,agua/lucha
62_2,poliwrath,lucha,agua/lucha
63_1,abra,psíquico,psíquico
64_1,kadabra,psíquico,psíquico
65_1,alakazam,psíquico,psíquico
66_1,machop,lucha,lucha
67_1,machoke,lucha,lucha
68_1,machamp,lucha,lucha
69_1,bellsprout,planta,planta/veneno
69_2,bellsprout,veneno,planta/veneno
70_1,weepinbell,planta,planta/veneno
70_2,weepinbell,veneno,planta/veneno
71_1,victreebel,planta,planta/veneno
71_2,victreebel,veneno,planta/veneno
72_1,tentacool,agua,agua/veneno
72_2,tentacool,veneno,agua/veneno
73_1,tentacruel,agua,agua/veneno
73_2,tentacruel,veneno,agua/veneno
74_1,geodude,roca,roca/tierra
74_2,geodude,tierra,roca/tierra
75_1,graveler,roca,roca/tierra
75_2,graveler,tierra,roca/tierra
76_1,golem,roca,roca/tierra
76_2,golem,tierra,roca/tierra
77_1,ponyta,fuego,fuego
78_1,rapidash,fuego,fuego
79_1,slowpoke,agua,agua/psíquico
79_2,slowpoke,psíquico,agua/psíquico
80_1,slowbro,agua,agua/psíquico
80_2,slowbro,psíquico,agua/psíquico
81_1,magnemite,eléctrico,eléctrico/acero
81_2,magnemite,acero,eléctrico/acero
82_1,magneton,eléctrico,eléctrico/acero
82_2,magneton,acero,eléctrico/acero
83_1,farfetchd,normal,normal/volador
83_2,farfetchd,volador,normal/volador
84_1,doduo,normal,normal/volador
84_2,doduo,volador,normal/volador
85_1,dodrio,normal,normal/volador
85_2,dodrio,volador,normal/volador
86_1,seel,agua,agua
87_1,dewgong,agua,agua/hielo
87_2,dewgong,hielo,agua/hielo
88_1,grimer,veneno,veneno
89_1,muk,veneno,veneno
90_1,shellder,agua,agua
91_1,cloyster,agua,agua/hielo
91_2,cloyster,hielo,agua/hielo
92_1,gastly,fantasma,fantasma/veneno
92_2,gastly,veneno,fantasma/veneno
93_1,haunter,fantasma,fantasma/veneno
93_2,haunter,veneno,fantasma/veneno
94_1,gengar,fantasma,fantasma/veneno
94_2,gengar,veneno,fantasma/veneno
95_1,onix,roca,roca/tierra
95_2,onix,tierra,roca/tierra
96_1,drowzee,psíquico,psíquico
97_1,hypno,psíquico,psíquico
98_1,krabby,agua,agua
99_1,kingler,agua,agua
100_1,voltorb,eléctrico,eléctrico
101_1,electrode,eléctrico,eléctrico
102_1,exeggcute,planta,planta/psíquico
102_2,exeggcute,psíquico,planta/psíquico
103_1,exeggutor,planta,planta/psíquico
103_2,exeggutor,psíquico,planta/psíquico
104_1,cubone,tierra,tierra
105_1,marowak,tierra,tierra
106_1,hitmonlee,lucha,lucha
107_1,hitmonchan,lucha,lucha
108_1,lickitung,normal,normal
109_1,koffing,veneno,veneno
110_1,weezing,veneno,veneno
111_1,rhyhorn,tierra,tierra/roca
111_2,rhyhorn,roca,tierra/roca
112_1,rhydon,tierra,tierra/roca
112_2,rhydon,roca,tierra/roca
113_1,chansey,normal,normal
114_1,tangela,planta,planta
115_1,kangaskhan,normal,normal
116_1,horsea,agua,agua
117_1,seadra,agua,agua
118_1,goldeen,agua,agua
119_1,seaking,agua,agua
120_1,staryu,agua,agua
121_1,starmie,agua,agua/psíquico
121_2,starmie,psíquico,agua/psíquico
122_1,mr-mime,psíquico,psíquico/hada
122_2,mr-mime,hada,psíquico/hada
123_1,scyther,bicho,bicho/volador
123_2,scyther,volador,bicho/volador
124_1,jynx,hielo,hielo/psíquico
124_2,jynx,psíquico,hielo/psíquico
125_1,electabuzz,eléctrico,eléctrico
126_1,magmar,fuego,fuego
127_1,pinsir,bicho,bicho
128_1,tauros,normal,normal
129_1,magikarp,agua,agua
130_1,gyarados,agua,agua/volador
130_2,gyarados,volador,agua/volador
131_1,lapras,agua,agua/hielo
131_2,lapras,hielo,agua/hielo
132_1,ditto,normal,normal
133_1,eevee,normal,normal
134_1,vaporeon,agua,agua
135_1,jolteon,eléctrico,eléctrico
136_1,flareon,fuego,fuego
137_1,porygon,normal,normal
138_1,omanyte,roca,roca/agua
138_2,omanyte,agua,roca/agua
139_1,omastar,roca,roca/agua
139_2,omastar,agua,roca/agua
140_1,kabuto,roca,roca/agua
140_2,kabuto,agua,roca/agua
141_1,kabutops,roca,roca/agua
141_2,kabutops,agua,roca/agua
142_1,aerodactyl,roca,roca/volador
142_2,aerodactyl,volador,roca/volador
143_1,snorlax,normal,normal
144_1,articuno,hielo,hielo/volador
144_2,articuno,volador,hielo/volador
145_1,zapdos,eléctrico,eléctrico/volador
145_2,zapdos,volador,eléctrico/volador
146_1,moltres,fuego,fuego/volador
146_2,moltres,volador,fuego/volador
147_1,dratini,dragón,dragón
148_1,dragonair,dragón,dragón
149_1,dragonite,dragón,dragón/volador
149_2,dragonite,volador,dragón/volador
150_1,mewtwo,psíquico,psíquico
151_1,mew,psíquico,psíquico
152_1,chikorita,planta,planta
153_1,bayleef,planta,planta
154_1,meganium,planta,planta
155_1,cyndaquil,fuego,fuego
156_1,quilava,fuego,fuego
157_1,typhlosion,fuego,fuego
158_1,totodile,agua,agua
159_1,croconaw,agua,agua
160_1,feraligatr,agua,agua
161_1,sentret,normal,normal
162_1,furret,normal,normal
163_1,hoothoot,normal,normal/volador
163_2,hoothoot,volador,normal/volador
164_1,noctowl,normal,normal/volador
164_2,noctowl,volador,normal/volador
165_1,ledyba,bicho,bicho/volador
165_2,ledyba,volador,bicho/volador
166_1,ledian,bicho,bicho/volador
166_2,ledian,volador,bicho/volador
167_1,spinarak,bicho,bicho/veneno
167_2,spinarak,veneno,bicho/veneno
168_1,ariados,bicho,bicho/veneno
168_2,ariados,veneno,bicho/veneno
169_1,crobat,veneno,veneno/volador
169_2,crobat,volador,veneno/volador
170_1,chinchou,agua,agua/eléctrico
170_2,chinchou,eléctrico,agua/eléctrico
171_1,lanturn,agua,agua/eléctrico
171_2,lanturn,eléctrico,agua/eléctrico
172_1,pichu,eléctrico,eléctrico
173_1,cleffa,hada,hada
174_1,igglybuff,normal,normal/hada
174_2,igglybuff,hada,normal/hada
175_1,togepi,hada,hada
176_1,togetic,hada,hada/volador
176_2,togetic,volador,hada/volador
177_1,natu,psíquico,psíquico/volador
177_2,natu,volador,psíquico/volador
178_1,xatu,psíquico,psíquico/volador
178_2,xatu,volador,psíquico/volador
179_1,mareep,eléctrico,eléctrico
180_1,flaaffy,eléctrico,eléctrico
181_1,ampharos,eléctrico,eléctrico
182_1,bellossom,planta,planta
183_1,marill,agua,agua/hada
183_2,marill,hada,agua/hada
184_1,azumarill,agua,agua/hada
184_2,azumarill,hada,agua/hada
185_1,sudowoodo,roca,roca
186_1,politoed,agua,agua
187_1,hoppip,planta,planta/volador
187_2,hoppip,volador,planta/volador
188_1,skiploom,planta,planta/volador
188_2,skiploom,volador,planta/volador
189_1,jumpluff,planta,planta/volador
189_2,jumpluff,volador,planta/volador
190_1,aipom,normal,normal
191_1,sunkern,planta,planta
192_1,sunflora,planta,planta
193_1,yanma,bicho,bicho/volador
193_2,yanma,volador,bicho/volador
194_1,wooper,agua,agua/tierra
194_2,wooper,tierra,agua/tierra
195_1,quagsire,agua,agua/tierra
195_2,quagsire,tierra,agua/tierra
196_1,espeon,psíquico,psíquico
197_1,umbreon,oscuro,oscuro
198_1,murkrow,oscuro,oscuro/volador
198_2,murkrow,volador,oscuro/volador
199_1,slowking,agua,agua/psíquico
199_2,slowking,psíquico,agua/psíquico
200_1,misdreavus,fantasma,fantasma
201_1,unown,psíquico,psíquico
202_1,wobbuffet,psíquico,psíquico
203_1,girafarig,normal,normal/psíquico
203_2,girafarig,psíquico,normal/psíquico
204_1,pineco,bicho,bicho
205_1,forretress,bicho,bicho/acero
205_2,forretress,acero,bicho/acero
206_1,dunsparce,normal,normal
207_1,gligar,tierra,tierra/volador
207_2,gligar,volador,tierra/volador
208_1,steelix,acero,acero/tierra
208_2,steelix,tierra,acero/tierra
209_1,snubbull,hada,hada
210_1,granbull,hada,hada
211_1,qwilfish,agua,agua/veneno
211_2,qwilfish,veneno,agua/veneno
212_1,scizor,bicho,bicho/acero
212_2,scizor,acero,bicho/acero
213_1,shuckle,bicho,bicho/roca
213_2,shuckle,roca,bicho/roca
214_1,heracross,bicho,bicho/lucha
214_2,heracross,lucha,bicho/lucha
215_1,sneasel,oscuro,oscuro/hielo
215_2,sneasel,hielo,oscuro/hielo
216_1,teddiursa,normal,normal
217_1,ursaring,normal,normal
218_1,slugma,fuego,fuego
219_1,magcargo,fuego,fuego/roca
219_2,magcargo,roca,fuego/roca
220_1,swinub,hielo,hielo/tierra
220_2,swinub,tierra,hielo/tierra
221_1,piloswine,hielo,hielo/tierra
221_2,piloswine,tierra,hielo/tierra
222_1,corsola,agua,agua/roca
222_2,corsola,roca,agua/roca
223_1,remoraid,agua,agua
224_1,octillery,agua,agua
225_1,delibird,hielo,hielo/volador
225_2,delibird,volador,hielo/volador
226_1,mantine,agua,agua/volador
226_2,mantine,volador,agua/volador
227_1,skarmory,acero,acero/volador
227_2,skarmory,volador,acero/volador
228_1,houndour,oscuro,oscuro/fuego
228_2,houndour,fuego,oscuro/fuego
229_1,houndoom,oscuro,oscuro/fuego
229_2,houndoom,fuego,oscuro/fuego
230_1,kingdra,agua,agua/dragón
230_2,kingdra,dragón,agua/dragón
231_1,phanpy,tierra,tierra
232_1,donphan,tierra,tierra
233_1,porygon2,normal,normal
234_1,stantler,normal,normal
235_1,smeargle,normal,normal
236_1,tyrogue,lucha,lucha
237_1,hitmontop,lucha,lucha
238_1,smoochum,hielo,hielo/psíquico
238_2,smoochum,psíquico,hielo/psíquico
239_1,elekid,eléctrico,eléctrico
240_1,magby,fuego,fuego
241_1,miltank,normal,normal
242_1,blissey,normal,normal
243_1,raikou,eléctrico,eléctrico
244_1,entei,fuego,fuego
245_1,suicune,agua,agua
246_1,larvitar,roca,roca/tierra
246_2,larvitar,tierra,roca/tierra
247_1,pupitar,roca,roca/tierra
247_2,pupitar,tierra,roca/tierra
248_1,tyranitar,roca,roca/oscuro
248_2,tyranitar,oscuro,roca/oscuro
249_1,lugia,psíquico,psíquico/volador
249_2,lugia,volador,psíquico/volador
250_1,ho-oh,fuego,fuego/volador
250_2,ho-oh,volador,fuego/volador
251_1,celebi,psíquico,psíquico/planta
251_2,celebi,planta,psíquico/planta
252_1,treecko,planta,planta
253_1,grovyle,planta,planta
254_1,sceptile,planta,planta
255_1,torchic,fuego,fuego
256_1,combusken,fuego,fuego/lucha
256_2,combusken,lucha,fuego/lucha
257_1,blaziken,fuego,fuego/lucha
257_2,blaziken,lucha,fuego/lucha
258_1,mudkip,agua,agua
259_1,marshtomp,agua,agua/tierra
259_2,marshtomp,tierra,agua/tierra
260_1,swampert,agua,agua/tierra
260_2,swampert,tierra,agua/tierra
261_1,poochyena,oscuro,oscuro
262_1,mightyena,oscuro,oscuro
263_1,zigzagoon,normal,normal
264_1,linoone,normal,normal
265_1,wurmple,bicho,bicho
266_1,silcoon,bicho,bicho
267_1,beautifly,bicho,bicho/volador
267_2,beautifly,volador,bicho/volador
268_1,cascoon,bicho,bicho
269_1,dustox,bicho,bicho/veneno
269_2,dustox,veneno,bicho/veneno
270_1,lotad,agua,agua/planta
270_2,lotad,planta,agua/planta
271_1,lombre,agua,agua/planta
271_2,lombre,planta,agua/planta
272_1,ludicolo,agua,agua/planta
272_2,ludicolo,planta,agua/planta
273_1,seedot,planta,planta
274_1,nuzleaf,planta,planta/oscuro
274_2,nuzleaf,oscuro,planta/oscuro
275_1,shiftry,planta,planta/oscuro
275_2,shiftry,oscuro,planta/oscuro
276_1,taillow,normal,normal/volador
276_2,taillow,volador,normal/volador
277_1,swellow,normal,normal/volador
277_2,swellow,volador,normal/volador
278_1,wingull,agua,agua/volador
278_2,wingull,volador,agua/volador
279_1,pelipper,agua,agua/volador
279_2,pelipper,volador,agua/volador
280_1,ralts,psíquico,psíquico/hada
280_2,ralts,hada,psíquico/hada
281_1,kirlia,psíquico,psíquico/hada
281_2,kirlia,hada,psíquico/hada
282_1,gardevoir,psíquico,psíquico/hada
282_2,gardevoir,hada,psíquico/hada
283_1,surskit,bicho,bicho/agua
283_2,surskit,agua,bicho/agua
284_1,masquerain,bicho,bicho/volador
284_2,masquerain,volador,bicho/volador
285_1,shroomish,planta,planta
286_1,breloom,planta,planta/lucha
286_2,breloom,lucha,planta/lucha
287_1,slakoth,normal,normal
288_1,vigoroth,normal,normal
289_1,slaking,normal,normal
290_1,nincada,bicho,bicho/tierra
290_2,nincada,tierra,bicho/tierra
291_1,ninjask,bicho,bicho/volador
291_2,ninjask,volador,bicho/volador
292_1,shedinja,bicho,bicho/fantasma
292_2,shedinja,fantasma,bicho/fantasma
293_1,whismur,normal,normal
294_1,loudred,normal,normal
295_1,exploud,normal,normal
296_1,makuhita,lucha,lucha
297_1,hariyama,lucha,lucha
298_1,azurill,normal,normal/hada
298_2,azurill,hada,normal/hada
299_1,nosepass,roca,roca
300_1,skitty,normal,normal
301_1,delcatty,normal,normal
302_1,sableye,oscuro,oscuro/fantasma
302_2,sableye,fantasma,oscuro/fantasma
303_1,mawile,acero,acero/hada
303_2,mawile,hada,acero/hada
304_1,aron,acero,acero/roca
304_2,aron,roca,acero/roca
305_1,lairon,acero,acero/roca
305_2,lairon,roca,acero/roca
306_1,aggron,acero,acero/roca
306_2,aggron,roca,acero/roca
307_1,meditite,lucha,lucha/psíquico
307_2,meditite,psíquico,lucha/psíquico
308_1,medicham,lucha,lucha/psíquico
308_2,medicham,psíquico,lucha/psíquico
309_1,electrike,eléctrico,eléctrico
310_1,manectric,eléctrico,eléctrico
311_1,plusle,eléctrico,eléctrico
312_1,minun,eléctrico,eléctrico
313_1,volbeat,bicho,bicho
314_1,illumise,bicho,bicho
315_1,roselia,planta,planta/veneno
315_2,roselia,veneno,planta/veneno
316_1,gulpin,veneno,veneno
317_1,swalot,veneno,veneno
318_1,carvanha,agua,agua/oscuro
318_2,carvanha,oscuro,agua/oscuro
319_1,sharpedo,agua,agua/oscuro
319_2,sharpedo,oscuro,agua/oscuro
320_1,wailmer,agua,agua
321_1,wailord,agua,agua
322_1,numel,fuego,fuego/tierra
322_2,numel,tierra,fuego/tierra
323_1,camerupt,fuego,fuego/tierra
323_2,camerupt,tierra,fuego/tierra
324_1,torkoal,fuego,fuego
325_1,spoink,psíquico,psíquico
326_1,grumpig,psíquico,psíquico
327_1,spinda,normal,normal
328_1,trapinch,tierra,tierra
329_1,vibrava,tierra,tierra/dragón
329_2,vibrava,dragón,tierra/dragón
330_1,flygon,tierra,tierra/dragón
330_2,flygon,dragón,tierra/dragón
331_1,cacnea,planta,planta
332_1,cacturne,planta,planta/oscuro
332_2,cacturne,oscuro,planta/oscuro
333_1,swablu,normal,normal/volador
333_2,swablu,volador,normal/volador
334_1,altaria,dragón,dragón/volador
334_2,altaria,volador,dragón/volador
335_1,zangoose,normal,normal
336_1,seviper,veneno,veneno
337_1,lunatone,roca,roca/psíquico
337_2,lunatone,psíquico,roca/psíquico
338_1,solrock,roca,roca/psíquico
338_2,solrock,psíquico,roca/psíquico
339_1,barboach,agua,agua/tierra
339_2,barboach,tierra,agua/tierra
340_1,whiscash,agua,agua/tierra
340_2,whiscash,tierra,agua/tierra
341_1,corphish,agua,agua
342_1,crawdaunt,agua,agua/oscuro
342_2,crawdaunt,oscuro,agua/oscuro
343_1,baltoy,tierra,tierra/psíquico
343_2,baltoy,psíquico,tierra/psíquico
344_1,claydol,tierra,tierra/psíquico
344_2,claydol,psíquico,tierra/psíquico
345_1,lileep,roca,roca/planta
345_2,lileep,planta,roca/planta
346_1,cradily,roca,roca/planta
346_2,cradily,planta,roca/planta
347_1,anorith,roca,roca/bicho
347_2,anorith,bicho,roca/bicho
348_1,armaldo,roca,roca/bicho
348_2,armaldo,bicho,roca/bicho
349_1,feebas,agua,agua
350_1,milotic,agua,agua
351_1,castform,normal,normal
352_1,kecleon,normal,normal
353_1,shuppet,fantasma,fantasma
354_1,banette,fantasma,fantasma
355_1,duskull,fantasma,fantasma
356_1,dusclops,fantasma,fantasma
357_1,tropius,planta,planta/volador
357_2,tropius,volador,planta/volador
358_1,chimecho,psíquico,psíquico
359_1,absol,oscuro,oscuro
360_1,wynaut,psíquico,psíquico
361_1,snorunt,hielo,hielo
362_1,glalie,hielo,hielo
363_1,spheal,hielo,hielo/agua
363_2,spheal,agua,hielo/agua
364_1,sealeo,hielo,hielo/agua
364_2,sealeo,agua,hielo/agua
365_1,walrein,hielo,hielo/agua
365_2,walrein,agua,hielo/agua
366_1,clamperl,agua,agua
367_1,huntail,agua,agua
368_1,gorebyss,agua,agua
369_1,relicanth,agua,agua/roca
369_2,relicanth,roca,agua/roca
370_1,luvdisc,agua,agua
371_1,bagon,dragón,dragón
372_1,shelgon,dragón,dragón
373_1,salamence,dragón,dragón/volador
373_2,salamence,volador,dragón/volador
374_1,beldum,acero,acero/psíquico
374_2,beldum,psíquico,acero/psíquico
375_1,metang,acero,acero/psíquico
375_2,metang,psíquico,acero/psíquico
376_1,metagross,acero,acero/psíquico
376_2,metagross,psíquico,acero/psíquico
377_1,regirock,roca,roca
378_1,regice,hielo,hielo
379_1,registeel,acero,acero
380_1,latias,dragón,dragón/psíquico
380_2,latias,psíquico,dragón/psíquico
381_1,latios,dragón,dragón/psíquico
381_2,latios,psíquico,dragón/psíquico
382_1,kyogre,agua,agua
383_1,groudon,tierra,tierra
384_1,rayquaza,dragón,dragón/volador
384_2,rayquaza,volador,dragón/volador
385_1,jirachi,acero,acero/psíquico
385_2,jirachi,psíquico,acero/psíquico
386_1,deoxys-normal,psíquico,psíquico
387_1,turtwig,planta,planta
388_1,grotle,planta,planta
389_1,torterra,planta,planta/tierra
389_2,torterra,tierra,planta/tierra
390_1,chimchar,fuego,fuego
391_1,monferno,fuego,fuego/lucha
391_2,monferno,lucha,fuego/lucha
392_1,infernape,fuego,fuego/lucha
392_2,infernape,lucha,fuego/lucha
393_1,piplup,agua,agua
394_1,prinplup,agua,agua
395_1,empoleon,agua,agua/acero
395_2,empoleon,acero,agua/acero
396_1,starly,normal,normal/volador
396_2,starly,volador,normal/volador
397_1,staravia,normal,normal/volador
397_2,staravia,volador,normal/volador
398_1,staraptor,normal,normal/volador
398_2,staraptor,volador,normal/volador
399_1,bidoof,normal,normal
400_1,bibarel,normal,normal/agua
400_2,bibarel,agua,normal/agua
401_1,kricketot,bicho,bicho
402_1,kricketune,bicho,bicho
403_1,shinx,eléctrico,eléctrico
404_1,luxio,eléctrico,eléctrico
405_1,luxray,eléctrico,eléctrico
406_1,budew,planta,planta/veneno
406_2,budew,veneno,planta/veneno
407_1,roserade,planta,planta/veneno
407_2,roserade,veneno,planta/veneno
408_1,cranidos,roca,roca
409_1,rampardos,roca,roca
410_1,shieldon,roca,roca/acero
410_2,shieldon,acero,roca/acero
411_1,bastiodon,roca,roca/acero
411_2,bastiodon,acero,roca/acero
412_1,burmy,bicho,bicho
413_1,wormadam-plant,bicho,bicho/planta
413_2,wormadam-plant,planta,bicho/planta
414_1,mothim,bicho,bicho/volador
414_2,mothim,volador,bicho/volador
415_1,combee,bicho,bicho/volador
415_2,combee,volador,bicho/volador
416_1,vespiquen,bicho,bicho/volador
416_2,vespiquen,volador,bicho/volador
417_1,pachirisu,eléctrico,eléctrico
418_1,buizel,agua,agua
419_1,floatzel,agua,agua
420_1,cherubi,planta,planta
421_1,cherrim,planta,planta
422_1,shellos,agua,agua
423_1,gastrodon,agua,agua/tierra
423_2,gastrodon,tierra,agua/tierra
424_1,ambipom,normal,normal
425_1,drifloon,fantasma,fantasma/volador
425_2,drifloon,volador,fantasma/volador
426_1,drifblim,fantasma,fantasma/volador
426_2,drifblim,volador,fantasma/volador
427_1,buneary,normal,normal
428_1,lopunny,normal,normal
429_1,mismagius,fantasma,fantasma
430_1,honchkrow,oscuro,oscuro/volador
430_2,honchkrow,volador,oscuro/volador
431_1,glameow,normal,normal
432_1,purugly,normal,normal
433_1,chingling,psíquico,psíquico
434_1,stunky,veneno,veneno/oscuro
434_2,stunky,oscuro,veneno/oscuro
435_1,skuntank,veneno,veneno/oscuro
435_2,skuntank,oscuro,veneno/oscuro
436_1,bronzor,acero,acero/psíquico
436_2,bronzor,psíquico,acero/psíquico
437_1,bronzong,acero,acero/psíquico
437_2,bronzong,psíquico,acero/psíquico
438_1,bonsly,roca,roca
439_1,mime-jr,psíquico,psíquico/hada
439_2,mime-jr,hada,psíquico/hada
440_1,happiny,normal,normal
441_1,chatot,normal,normal/volador
441_2,chatot,volador,normal/volador
442_1,spiritomb,fantasma,fantasma/oscuro
442_2,spiritomb,oscuro,fantasma/oscuro
443_1,gible,dragón,dragón/tierra
443_2,gible,tierra,dragón/tierra
444_1,gabite,dragón,dragón/tierra
444_2,gabite,tierra,dragón/tierra
445_1,garchomp,dragón,dragón/tierra
445_2,garchomp,tierra,dragón/tierra
446_1,munchlax,normal,normal
447_1,riolu,lucha,lucha
448_1,lucario,lucha,lucha/acero
448_2,lucario,acero,lucha/acero
449_1,hippopotas,tierra,tierra
450_1,hippowdon,tierra,tierra
451_1,skorupi,veneno,veneno/bicho
451_2,skorupi,bicho,veneno/bicho
452_1,drapion,veneno,veneno/oscuro
452_2,drapion,oscuro,veneno/oscuro
453_1,croagunk,veneno,veneno/lucha
453_2,croagunk,lucha,veneno/lucha
454_1,toxicroak,veneno,veneno/lucha
454_2,toxicroak,lucha,veneno/lucha
455_1,carnivine,planta,planta
456_1,finneon,agua,agua
457_1,lumineon,agua,agua
458_1,mantyke,agua,agua/volador
458_2,mantyke,volador,agua/volador
459_1,snover,planta,planta/hielo
459_2,snover,hielo,planta/hielo
460_1,abomasnow,planta,planta/hielo
460_2,abomasnow,hielo,planta/hielo
461_1,weavile,oscuro,oscuro/hielo
461_2,weavile,hielo,oscuro/hielo
462_1,magnezone,eléctrico,eléctrico/acero
462_2,magnezone,acero,eléctrico/acero
463_1,lickilicky,normal,normal
464_1,rhyperior,tierra,tierra/roca
464_2,rhyperior,roca,tierra/roca
465_1,tangrowth,planta,planta
466_1,electivire,eléctrico,eléctrico
467_1,magmortar,fuego,fuego
468_1,togekiss,hada,hada/volador
468_2,togekiss,volador,hada/volador
469_1,yanmega,bicho,bicho/volador
469_2,yanmega,volador,bicho/volador
470_1,leafeon,planta,planta
471_1,glaceon,hielo,hielo
472_1,gliscor,tierra,tierra/volador
472_2,gliscor,volador,tierra/volador
473_1,mamoswine,hielo,hielo/tierra
473_2,mamoswine,tierra,hielo/tierra
474_1,porygon-z,normal,normal
475_1,gallade,psíquico,psíquico/lucha
475_2,gallade,lucha,psíquico/lucha
476_1,probopass,roca,roca/acero
476_2,probopass,acero,roca/acero
477_1,dusknoir,fantasma,fantasma
478_1,froslass,hielo,hielo/fantasma
478_2,froslass,fantasma,hielo/fantasma
479_1,rotom,eléctrico,eléctrico/fantasma
479_2,rotom,fantasma,eléctrico/fantasma
480_1,uxie,psíquico,psíquico
481_1,mesprit,psíquico,psíquico
482_1,azelf,psíquico,psíquico
483_1,dialga,acero,acero/dragón
483_2,dialga,dragón,acero/dragón
484_1,palkia,agua,agua/dragón
484_2,palkia,dragón,agua/dragón
485_1,heatran,fuego,fuego/acero
485_2,heatran,acero,fuego/acero
486_1,regigigas,normal,normal
487_1,giratina-altered,fantasma,fantasma/dragón
487_2,giratina-altered,dragón,fantasma/dragón
488_1,cresselia,psíquico,psíquico
489_1,phione,agua,agua
490_1,manaphy,agua,agua
491_1,darkrai,oscuro,oscuro
492_1,shaymin-land,planta,planta
493_1,arceus,normal,normal
494_1,victini,psíquico,psíquico/fuego
494_2,victini,fuego,psíquico/fuego
495_1,snivy,planta,planta
496_1,servine,planta,planta
497_1,serperior,planta,planta
498_1,tepig,fuego,fuego
499_1,pignite,fuego,fuego/lucha
499_2,pignite,lucha,fuego/lucha
500_1,emboar,fuego,fuego/lucha
500_2,emboar,lucha,fuego/lucha
501_1,oshawott,agua,agua
502_1,dewott,agua,agua
503_1,samurott,agua,agua
504_1,patrat,normal,normal
505_1,watchog,normal,normal
506_1,lillipup,normal,normal
507_1,herdier,normal,normal
508_1,stoutland,normal,normal
509_1,purrloin,oscuro,oscuro
510_1,liepard,oscuro,oscuro
511_1,pansage,planta,planta
512_1,simisage,planta,planta
513_1,pansear,fuego,fuego
514_1,simisear,fuego,fuego
515_1,panpour,agua,agua
516_1,simipour,agua,agua
517_1,munna,psíquico,psíquico
518_1,musharna,psíquico,psíquico
519_1,pidove,normal,normal/volador
519_2,pidove,volador,normal/volador
520_1,tranquill,normal,normal/volador
520_2,tranquill,volador,normal/volador
521_1,unfezant,normal,normal/volador
521_2,unfezant,volador,normal/volador
522_1,blitzle,eléctrico,eléctrico
523_1,zebstrika,eléctrico,eléctrico
524_1,roggenrola,roca,roca
525_1,boldore,roca,roca
526_1,gigalith,roca,roca
527_1,woobat,psíquico,psíquico/volador
527_2,woobat,volador,psíquico/volador
528_1,swoobat,psíquico,psíquico/volador
528_2,swoobat,volador,psíquico/volador
529_1,drilbur,tierra,tierra
530_1,excadrill,tierra,tierra/acero
530_2,excadrill,acero,tierra/acero
531_1,audino,normal,normal
532_1,timburr,lucha,lucha
533_1,gurdurr,lucha,lucha
534_1,conkeldurr,lucha,lucha
535_1,tympole,agua,agua
536_1,palpitoad,agua,agua/tierra
536_2,palpitoad,tierra,agua/tierra
537_1,seismitoad,agua,agua/tierra
537_2,seismitoad,tierra,agua/tierra
538_1,throh,lucha,lucha
539_1,sawk,lucha,lucha
540_1,sewaddle,bicho,bicho/planta
540_2,sewaddle,planta,bicho/planta
541_1,swadloon,bicho,bicho/planta
541_2,swadloon,planta,bicho/planta
542_1,leavanny,bicho,bicho/planta
542_2,leavanny,planta,bicho/planta
543_1,venipede,bicho,bicho/veneno
543_2,venipede,veneno,bicho/veneno
544_1,whirlipede,bicho,bicho/veneno
544_2,whirlipede,veneno,bicho/veneno
545_1,scolipede,bicho,bicho/veneno
545_2,scolipede,veneno,bicho/veneno
546_1,cottonee,planta,planta/hada
546_2,cottonee,hada,planta/hada
547_1,whimsicott,planta,planta/hada
547_2,whimsicott,hada,planta/hada
548_1,petilil,planta,planta
549_1,lilligant,planta,planta
550_1,basculin-red-striped,agua,agua
551_1,sandile,tierra,tierra/oscuro
551_2,sandile,oscuro,tierra/oscuro
552_1,krokorok,tierra,tierra/oscuro
552_2,krokorok,oscuro,tierra/oscuro
553_1,krookodile,tierra,tierra/oscuro
553_2,krookodile,oscuro,tierra/oscuro
554_1,darumaka,fuego,fuego
555_1,darmanitan-standard,fuego,fuego
556_1,maractus,planta,planta
557_1,dwebble,bicho,bicho/roca
557_2,dwebble,roca,bicho/roca
558_1,crustle,bicho,bicho/roca
558_2,crustle,roca,bicho/roca
559_1,scraggy,oscuro,oscuro/lucha
559_2,scraggy,lucha,oscuro/lucha
560_1,scrafty,oscuro,oscuro/lucha
560_2,scrafty,lucha,oscuro/lucha
561_1,sigilyph,psíquico,psíquico/volador
561_2,sigilyph,volador,psíquico/volador
562_1,yamask,fantasma,fantasma
563_1,cofagrigus,fantasma,fantasma
564_1,tirtouga,agua,agua/roca
564_2,tirtouga,roca,agua/roca
565_1,carracosta,agua,agua/roca
565_2,carracosta,roca,agua/roca
566_1,archen,roca,roca/volador
566_2,archen,volador,roca/volador
567_1,archeops,roca,roca/volador
567_2,archeops,volador,roca/volador
568_1,trubbish,veneno,veneno
569_1,garbodor,veneno,veneno
570_1,zorua,oscuro,oscuro
571_1,zoroark,oscuro,oscuro
572_1,minccino,normal,normal
573_1,cinccino,normal,normal
574_1,gothita,psíquico,psíquico
575_1,gothorita,psíquico,psíquico
576_1,gothitelle,psíquico,psíquico
577_1,solosis,psíquico,psíquico
578_1,duosion,psíquico,psíquico
579_1,reuniclus,psíquico,psíquico
580_1,ducklett,agua,agua/volador
580_2,ducklett,volador,agua/volador
581_1,swanna,agua,agua/volador
581_2,swanna,volador,agua/volador
582_1,vanillite,hielo,hielo
583_1,vanillish,hielo,hielo
584_1,vanilluxe,hielo,hielo
585_1,deerling,normal,normal/planta
585_2,deerling,planta,normal/planta
586_1,sawsbuck,normal,normal/planta
586_2,sawsbuck,planta,normal/planta
587_1,emolga,eléctrico,eléctrico/volador
587_2,emolga,volador,eléctrico/volador
588_1,karrablast,bicho,bicho
589_1,escavalier,bicho,bicho/acero
589_2,escavalier,acero,bicho/acero
590_1,foongus,planta,planta/veneno
590_2,foongus,veneno,planta/veneno
591_1,amoonguss,planta,planta/veneno
591_2,amoonguss,veneno,planta/veneno
592_1,frillish,agua,agua/fantasma
592_2,frillish,fantasma,agua/fantasma
593_1,jellicent,agua,agua/fantasma
593_2,jellicent,fantasma,agua/fantasma
594_1,alomomola,agua,agua
595_1,joltik,bicho,bicho/eléctrico
595_2,joltik,eléctrico,bicho/eléctrico
596_1,galvantula,bicho,bicho/eléctrico
596_2,galvantula,eléctrico,bicho/eléctrico
597_1,ferroseed,planta,planta/acero
597_2,ferroseed,acero,planta/acero
598_1,ferrothorn,planta,planta/acero
598_2,ferrothorn,acero,planta/acero
599_1,klink,acero,acero
600_1,klang,acero,acero
601_1,klinklang,acero,acero
602_1,tynamo,eléctrico,eléctrico
603_1,eelektrik,eléctrico,eléctrico
604_1,eelektross,eléctrico,eléctrico
605_1,elgyem,psíquico,psíquico
606_1,beheeyem,psíquico,psíquico
607_1,litwick,fantasma,fantasma/fuego
607_2,litwick,fuego,fantasma/fuego
608_1,lampent,fantasma,fantasma/fuego
608_2,lampent,fuego,fantasma/fuego
609_1,chandelure,fantasma,fantasma/fuego
609_2,chandelure,fuego,fantasma/fuego
610_1,axew,dragón,dragón
611_1,fraxure,dragón,dragón
612_1,haxorus,dragón,dragón
613_1,cubchoo,hielo,hielo
614_1,beartic,hielo,hielo
615_1,cryogonal,hielo,hielo
616_1,shelmet,bicho,bicho
617_1,accelgor,bicho,bicho
618_1,stunfisk,tierra,tierra/eléctrico
618_2,stunfisk,eléctrico,tierra/eléctrico
619_1,mienfoo,lucha,lucha
620_1,mienshao,lucha,lucha
621_1,druddigon,dragón,dragón
622_1,golett,tierra,tierra/fantasma
622_2,golett,fantasma,tierra/fantasma
623_1,golurk,tierra,tierra/fantasma
623_2,golurk,fantasma,tierra/fantasma
624_1,pawniard,oscuro,oscuro/acero
624_2,pawniard,acero,oscuro/acero
625_1,bisharp,oscuro,oscuro/acero
625_2,bisharp,acero,oscuro/acero
626_1,bouffalant,normal,normal
627_1,rufflet,normal,normal/volador
627_2,rufflet,volador,normal/volador
628_1,braviary,normal,normal/volador
628_2,braviary,volador,normal/volador
629_1,vullaby,oscuro,oscuro/volador
629_2,vullaby,volador,oscuro/volador
630_1,mandibuzz,oscuro,oscuro/volador
630_2,mandibuzz,volador,oscuro/volador
631_1,heatmor,fuego,fuego
632_1,durant,bicho,bicho/acero
632_2,durant,acero,bicho/acero
633_1,deino,oscuro,oscuro/dragón
633_2,deino,dragón,oscuro/dragón
634_1,zweilous,oscuro,oscuro/dragón
634_2,zweilous,dragón,oscuro/dragón
635_1,hydreigon,oscuro,oscuro/dragón
635_2,hydreigon,dragón,oscuro/dragón
636_1,larvesta,bicho,bicho/fuego
636_2,larvesta,fuego,bicho/fuego
637_1,volcarona,bicho,bicho/fuego
637_2,volcarona,fuego,bicho/fuego
638_1,cobalion,acero,acero/lucha
638_2,cobalion,lucha,acero/lucha
639_1,terrakion,roca,roca/lucha
639_2,terrakion,lucha,roca/lucha
640_1,virizion,planta,planta/lucha
640_2,virizion,lucha,planta/lucha
641_1,tornadus-incarnate,volador,volador
642_1,thundurus-incarnate,eléctrico,eléctrico/volador
642_2,thundurus-incarnate,volador,eléctrico/volador
643_1,reshiram,dragón,dragón/fuego
643_2,reshiram,fuego,dragón/fuego
644_1,zekrom,dragón,dragón/eléctrico
644_2,zekrom,eléctrico,dragón/eléctrico
645_1,landorus-incarnate,tierra,tierra/volador
645_2,landorus-incarnate,volador,tierra/volador
646_1,kyurem,dragón,dragón/hielo
646_2,kyurem,hielo,dragón/hielo
647_1,keldeo-ordinary,agua,agua/lucha
647_2,keldeo-ordinary,lucha,agua/lucha
648_1,meloetta-aria,normal,normal/psíquico
648_2,meloetta-aria,psíquico,normal/psíquico
649_1,genesect,bicho,bicho/acero
649_2,genesect,acero,bicho/acero
650_1,chespin,planta,planta
651_1,quilladin,planta,planta
652_1,chesnaught,planta,planta/lucha
652_2,chesnaught,lucha,planta/lucha
653_1,fennekin,fuego,fuego
654_1,braixen,fuego,fuego
655_1,delphox,fuego,fuego/psíquico
655_2,delphox,psíquico,fuego/psíquico
656_1,froakie,agua,agua
657_1,frogadier,agua,agua
658_1,greninja,agua,agua/oscuro
658_2,greninja,oscuro,agua/oscuro
659_1,bunnelby,normal,normal
660_1,diggersby,normal,normal/tierra
660_2,diggersby,tierra,normal/tierra
661_1,fletchling,normal,normal/volador
661_2,fletchling,volador,normal/volador
662_1,fletchinder,fuego,fuego/volador
662_2,fletchinder,volador,fuego/volador
663_1,talonflame,fuego,fuego/volador
663_2,talonflame,volador,fuego/volador
664_1,scatterbug,bicho,bicho
665_1,spewpa,bicho,bicho
666_1,vivillon,bicho,bicho/volador
666_2,vivillon,volador,bicho/volador
667_1,litleo,fuego,fuego/normal
667_2,litleo,normal,fuego/normal
668_1,pyroar,fuego,fuego/normal
668_2,pyroar,normal,fuego/normal
669_1,flabebe,hada,hada
670_1,floette,hada,hada
671_1,florges,hada,hada
672_1,skiddo,planta,planta
673_1,gogoat,planta,planta
674_1,pancham,lucha,lucha
675_1,pangoro,lucha,lucha/oscuro
675_2,pangoro,oscuro,lucha/oscuro
676_1,furfrou,normal,normal
677_1,espurr,psíquico,psíquico
678_1,meowstic-male,psíquico,psíquico
679_1,honedge,acero,acero/fantasma
679_2,honedge,fantasma,acero/fantasma
680_1,doublade,acero,acero/fantasma
680_2,doublade,fantasma,acero/fantasma
681_1,aegislash-shield,acero,acero/fantasma
681_2,aegislash-shield,fantasma,acero/fantasma
682_1,spritzee,hada,hada
683_1,aromatisse,hada,hada
684_1,swirlix,hada,hada
685_1,slurpuff,hada,hada
686_1,inkay,oscuro,oscuro/psíquico
686_2,inkay,psíquico,oscuro/psíquico
687_1,malamar,oscuro,oscuro/psíquico
687_2,malamar,psíquico,oscuro/psíquico
688_1,binacle,roca,roca/agua
688_2,binacle,agua,roca/agua
689_1,barbaracle,roca,roca/agua
689_2,barbaracle,agua,roca/agua
690_1,skrelp,veneno,veneno/agua
690_2,skrelp,agua,veneno/agua
691_1,dragalge,veneno,veneno/dragón
691_2,dragalge,dragón,veneno/dragón
692_1,clauncher,agua,agua
693_1,clawitzer,agua,agua
694_1,helioptile,eléctrico,eléctrico/normal
694_2,helioptile,normal,eléctrico/normal
695_1,heliolisk,eléctrico,eléctrico/normal
695_2,heliolisk,normal,eléctrico/normal
696_1,tyrunt,roca,roca/dragón
696_2,tyrunt,dragón,roca/dragón
697_1,tyrantrum,roca,roca/dragón
697_2,tyrantrum,dragón,roca/dragón
698_1,amaura,roca,roca/hielo
698_2,amaura,hielo,roca/hielo
699_1,aurorus,roca,roca/hielo
699_2,aurorus,hielo,roca/hielo
700_1,sylveon,hada,hada
701_1,hawlucha,lucha,lucha/volador
701_2,hawlucha,volador,lucha/volador
702_1,dedenne,eléctrico,eléctrico/hada
702_2,dedenne,hada,eléctrico/hada
703_1,carbink,roca,roca/hada
703_2,carbink,hada,roca/hada
704_1,goomy,dragón,dragón
705_1,sliggoo,dragón,dragón
706_1,goodra,dragón,dragón
707_1,klefki,acero,acero/hada
707_2,klefki,hada,acero/hada
708_1,phantump,fantasma,fantasma/planta
708_2,phantump,planta,fantasma/planta
709_1,trevenant,fantasma,fantasma/planta
709_2,trevenant,planta,fantasma/planta
710_1,pumpkaboo-average,fantasma,fantasma/planta
710_2,pumpkaboo-average,planta,fantasma/planta
711_1,gourgeist-average,fantasma,fantasma/planta
711_2,gourgeist-average,planta,fantasma/planta
712_1,bergmite,hielo,hielo
713_1,avalugg,hielo,hielo
714_1,noibat,volador,volador/dragón
714_2,noibat,dragón,volador/dragón
715_1,noivern,volador,volador/dragón
715_2,noivern,dragón,volador/dragón
716_1,xerneas,hada,hada
717_1,yveltal,oscuro,oscuro/volador
717_2,yveltal,volador,oscuro/volador
718_1,zygarde-50,dragón,dragón/tierra
718_2,zygarde-50,tierra,dragón/tierra
719_1,diancie,roca,roca/hada
719_2,diancie,hada,roca/hada
720_1,hoopa,psíquico,psíquico/fantasma
720_2,hoopa,fantasma,psíquico/fantasma
721_1,volcanion,fuego,fuego/agua
721_2,volcanion,agua,fuego/agua
722_1,rowlet,planta,planta/volador
722_2,rowlet,volador,planta/volador
723_1,dartrix,planta,planta/volador
723_2,dartrix,volador,planta/volador
724_1,decidueye,planta,planta/fantasma
724_2,decidueye,fantasma,planta/fantasma
725_1,litten,fuego,fuego
726_1,torracat,fuego,fuego
727_1,incineroar,fuego,fuego/oscuro
727_2,incineroar,oscuro,fuego/oscuro
728_1,popplio,agua,agua
729_1,brionne,agua,agua
730_1,primarina,agua,agua/hada
730_2,primarina,hada,agua/hada
731_1,pikipek,normal,normal/volador
731_2,pikipek,volador,normal/volador
732_1,trumbeak,normal,normal/volador
732_2,trumbeak,volador,normal/volador
733_1,toucannon,normal,normal/volador
733_2,toucannon,volador,normal/volador
734_1,yungoos,normal,normal
735_1,gumshoos,normal,normal
736_1,grubbin,bicho,bicho
737_1,charjabug,bicho,bicho/eléctrico
737_2,charjabug,eléctrico,bicho/eléctrico
738_1,vikavolt,bicho,bicho/eléctrico
738_2,vikavolt,eléctrico,bicho/eléctrico
739_1,crabrawler,lucha,lucha
740_1,crabominable,lucha,lucha/hielo
740_2,crabominable,hielo,lucha/hielo
741_1,oricorio-baile,fuego,fuego/volador
741_2,oricorio-baile,volador,fuego/volador
742_1,cutiefly,bicho,bicho/hada
742_2,cutiefly,hada,bicho/hada
743_1,ribombee,bicho,bicho/hada
743_2,ribombee,hada,bicho/hada
744_1,rockruff,roca,roca
745_1,lycanroc-midday,roca,roca
746_1,wishiwashi-solo,agua,agua
747_1,mareanie,veneno,veneno/agua
747_2,mareanie,agua,veneno/agua
748_1,toxapex,veneno,veneno/agua
748_2,toxapex,agua,veneno/agua
749_1,mudbray,tierra,tierra
750_1,mudsdale,tierra,tierra
751_1,dewpider,agua,agua/bicho
751_2,dewpider,bicho,agua/bicho
752_1,araquanid,agua,agua/bicho
752_2,araquanid,bicho,agua/bicho
753_1,fomantis,planta,planta
754_1,lurantis,planta,planta
755_1,morelull,planta,planta/hada
755_2,morelull,hada,planta/hada
756_1,shiinotic,planta,planta/hada
756_2,shiinotic,hada,planta/hada
757_1,salandit,veneno,veneno/fuego
757_2,salandit,fuego,veneno/fuego
758_1,salazzle,veneno,veneno/fuego
758_2,salazzle,fuego,veneno/fuego
759_1,stufful,normal,normal/lucha
759_2,stufful,lucha,normal/lucha
760_1,bewear,normal,normal/lucha
760_2,bewear,lucha,normal/lucha
761_1,bounsweet,planta,planta
762_1,steenee,planta,planta
763_1,tsareena,planta,planta
764_1,comfey,hada,hada
765_1,oranguru,normal,normal/psíquico
765_2,oranguru,psíquico,normal/psíquico
766_1,passimian,lucha,lucha
767_1,wimpod,bicho,bicho/agua
767_2,wimpod,agua,bicho/agua
768_1,golisopod,bicho,bicho/agua
768_2,golisopod,agua,bicho/agua
769_1,sandygast,fantasma,fantasma/tierra
769_2,sandygast,tierra,fantasma/tierra
770_1,palossand,fantasma,fantasma/tierra
770_2,palossand,tierra,fantasma/tierra
771_1,pyukumuku,agua,agua
772_1,type-null,normal,normal
773_1,silvally,normal,normal
774_1,minior-red-meteor,roca,roca/volador
774_2,minior-red-meteor,volador,roca/volador
775_1,komala,normal,normal
776_1,turtonator,fuego,fuego/dragón
776_2,turtonator,dragón,fuego/dragón
777_1,togedemaru,eléctrico,eléctrico/acero
777_2,togedemaru,acero,eléctrico/acero
778_1,mimikyu-disguised,fantasma,fantasma/hada
778_2,mimikyu-disguised,hada,fantasma/hada
779_1,bruxish,agua,agua/psíquico
779_2,bruxish,psíquico,agua/psíquico
780_1,drampa,normal,normal/dragón
780_2,drampa,dragón,normal/dragón
781_1,dhelmise,fantasma,fantasma/planta
781_2,dhelmise,planta,fantasma/planta
782_1,jangmo-o,dragón,dragón
783_1,hakamo-o,dragón,dragón/lucha
783_2,hakamo-o,lucha,dragón/lucha
784_1,kommo-o,dragón,dragón/lucha
784_2,kommo-o,lucha,dragón/lucha
785_1,tapu-koko,eléctrico,eléctrico/hada
785_2,tapu-koko,hada,eléctrico/hada
786_1,tapu-lele,psíquico,psíquico/hada
786_2,tapu-lele,hada,psíquico/hada
787_1,tapu-bulu,planta,planta/hada
787_2,tapu-bulu,hada,planta/hada
788_1,tapu-fini,agua,agua/hada
788_2,tapu-fini,hada,agua/hada
789_1,cosmog,psíquico,psíquico
790_1,cosmoem,psíquico,psíquico
791_1,solgaleo,psíquico,psíquico/acero
791_2,solgaleo,acero,psíquico/acero
792_1,lunala,psíquico,psíquico/fantasma
792_2,lunala,fantasma,psíquico/fantasma
793_1,nihilego,roca,roca/veneno
793_2,nihilego,veneno,roca/veneno
794_1,buzzwole,bicho,bicho/lucha
794_2,buzzwole,lucha,bicho/lucha
795_1,pheromosa,bicho,bicho/lucha
795_2,pheromosa,lucha,bicho/lucha
796_1,xurkitree,eléctrico,eléctrico
797_1,celesteela,acero,acero/volador
797_2,celesteela,volador,acero/volador
798_1,kartana,planta,planta/acero
798_2,kartana,acero,planta/acero
799_1,guzzlord,oscuro,oscuro/dragón
799_2,guzzlord,dragón,oscuro/dragón
800_1,necrozma,psíquico,psíquico
801_1,magearna,acero,acero/hada
801_2,magearna,hada,acero/hada
802_1,marshadow,lucha,lucha/fantasma
802_2,marshadow,fantasma,lucha/fantasma
803_1,poipole,veneno,veneno
804_1,naganadel,veneno,veneno/dragón
804_2,naganadel,dragón,veneno/dragón
805_1,stakataka,roca,roca/acero
805_2,stakataka,acero,roca/acero
806_1,blacephalon,fuego,fuego/fantasma
806_2,blacephalon,fantasma,fuego/fantasma
807_1,zeraora,eléctrico,eléctrico
808_1,meltan,acero,acero
809_1,melmetal,acero,acero
810_1,grookey,planta,planta
811_1,thwackey,planta,planta
812_1,rillaboom,planta,planta
813_1,scorbunny,fuego,fuego
814_1,raboot,fuego,fuego
815_1,cinderace,fuego,fuego
816_1,sobble,agua,agua
817_1,drizzile,agua,agua
818_1,inteleon,agua,agua
819_1,skwovet,normal,normal
820_1,greedent,normal,normal
821_1,rookidee,volador,volador
822_1,corvisquire,volador,volador
823_1,corviknight,volador,volador/acero
823_2,corviknight,acero,volador/acero
824_1,blipbug,bicho,bicho
825_1,dottler,bicho,bicho/psíquico
825_2,dottler,psíquico,bicho/psíquico
826_1,orbeetle,bicho,bicho/psíquico
826_2,orbeetle,psíquico,bicho/psíquico
827_1,nickit,oscuro,oscuro
828_1,thievul,oscuro,oscuro
829_1,gossifleur,planta,planta
830_1,eldegoss,planta,planta
831_1,wooloo,normal,normal
832_1,dubwool,normal,normal
833_1,chewtle,agua,agua
834_1,drednaw,agua,agua/roca
834_2,drednaw,roca,agua/roca
835_1,yamper,eléctrico,eléctrico
836_1,boltund,eléctrico,eléctrico
837_1,rolycoly,roca,roca
838_1,carkol,roca,roca/fuego
838_2,carkol,fuego,roca/fuego
839_1,coalossal,roca,roca/fuego
839_2,coalossal,fuego,roca/fuego
840_1,applin,planta,planta/dragón
840_2,applin,dragón,planta/dragón
841_1,flapple,planta,planta/dragón
841_2,flapple,dragón,planta/dragón
842_1,appletun,planta,planta/dragón
842_2,appletun,dragón,planta/dragón
843_1,silicobra,tierra,tierra
844_1,sandaconda,tierra,tierra
845_1,cramorant,volador,volador/agua
845_2,cramorant,agua,volador/agua
846_1,arrokuda,agua,agua
847_1,barraskewda,agua,agua
848_1,toxel,eléctrico,eléctrico/veneno
848_2,toxel,veneno,eléctrico/veneno
849_1,toxtricity-amped,eléctrico,eléctrico/veneno
849_2,toxtricity-amped,veneno,eléctrico/veneno
850_1,sizzlipede,fuego,fuego/bicho
850_2,sizzlipede,bicho,fuego/bicho
851_1,centiskorch,fuego,fuego/bicho
851_2,centiskorch,bicho,fuego/bicho
852_1,clobbopus,lucha,lucha
853_1,grapploct,lucha,lucha
854_1,sinistea,fantasma,fantasma
855_1,polteageist,fantasma,fantasma
856_1,hatenna,psíquico,psíquico
857_1,hattrem,psíquico,psíquico
858_1,hatterene,psíquico,psíquico/hada
858_2,hatterene,hada,psíquico/hada
859_1,impidimp,oscuro,oscuro/hada
859_2,impidimp,hada,oscuro/hada
860_1,morgrem,oscuro,oscuro/hada
860_2,morgrem,hada,oscuro/hada
861_1,grimmsnarl,oscuro,oscuro/hada
861_2,grimmsnarl,hada,oscuro/hada
862_1,obstagoon,oscuro,oscuro/normal
862_2,obstagoon,normal,oscuro/normal
863_1,perrserker,acero,acero
864_1,cursola,fantasma,fantasma
865_1,sirfetchd,lucha,lucha
866_1,mr-rime,hielo,hielo/psíquico
866_2,mr-rime,psíquico,hielo/psíquico
867_1,runerigus,tierra,tierra/fantasma
867_2,runerigus,fantasma,tierra/fantasma
868_1,milcery,hada,hada
869_1,alcremie,hada,hada
870_1,falinks,lucha,lucha
871_1,pincurchin,eléctrico,eléctrico
872_1,snom,hielo,hielo/bicho
872_2,snom,bicho,hielo/bicho
873_1,frosmoth,hielo,hielo/bicho
873_2,frosmoth,bicho,hielo/bicho
874_1,stonjourner,roca,roca
875_1,eiscue-ice,hielo,hielo
876_1,indeedee-male,psíquico,psíquico/normal
876_2,indeedee-male,normal,psíquico/normal
877_1,morpeko-full-belly,eléctrico,eléctrico/oscuro
877_2,morpeko-full-belly,oscuro,eléctrico/oscuro
878_1,cufant,acero,acero
879_1,copperajah,acero,acero
880_1,dracozolt,eléctrico,eléctrico/dragón
880_2,dracozolt,dragón,eléctrico/dragón
881_1,arctozolt,eléctrico,eléctrico/hielo
881_2,arctozolt,hielo,eléctrico/hielo
882_1,dracovish,agua,agua/dragón
882_2,dracovish,dragón,agua/dragón
883_1,arctovish,agua,agua/hielo
883_2,arctovish,hielo,agua/hielo
884_1,duraludon,acero,acero/dragón
884_2,duraludon,dragón,acero/dragón
885_1,dreepy,dragón,dragón/fantasma
885_2,dreepy,fantasma,dragón/fantasma
886_1,drakloak,dragón,dragón/fantasma
886_2,drakloak,fantasma,dragón/fantasma
887_1,dragapult,dragón,dragón/fantasma
887_2,dragapult,fantasma,dragón/fantasma
888_1,zacian,hada,hada
889_1,zamazenta,lucha,lucha
890_1,eternatus,veneno,veneno/dragón
890_2,eternatus,dragón,veneno/dragón
891_1,kubfu,lucha,lucha
892_1,urshifu-single-strike,lucha,lucha/oscuro
892_2,urshifu-single-strike,oscuro,lucha/oscuro
893_1,zarude,oscuro,oscuro/planta
893_2,zarude,planta,oscuro/planta
894_1,regieleki,eléctrico,eléctrico
895_1,regidrago,dragón,dragón
896_1,glastrier,hielo,hielo
897_1,spectrier,fantasma,fantasma
898_1,calyrex,psíquico,psíquico/planta
898_2,calyrex,planta,psíquico/planta
899_1,wyrdeer,normal,normal/psíquico
899_2,wyrdeer,psíquico,normal/psíquico
900_1,kleavor,bicho,bicho/roca
900_2,kleavor,roca,bicho/roca
901_1,ursaluna,tierra,tierra/normal
901_2,ursaluna,normal,tierra/normal
902_1,basculegion-male,agua,agua/fantasma
902_2,basculegion-male,fantasma,agua/fantasma
903_1,sneasler,lucha,lucha/veneno
903_2,sneasler,veneno,lucha/veneno
904_1,overqwil,oscuro,oscuro/veneno
904_2,overqwil,veneno,oscuro/veneno
905_1,enamorus-incarnate,hada,hada/volador
905_2,enamorus-incarnate,volador,hada/volador
906_1,sprigatito,planta,planta
907_1,floragato,planta,planta
908_1,meowscarada,planta,planta/oscuro
908_2,meowscarada,oscuro,planta/oscuro
909_1,fuecoco,fuego,fuego
910_1,crocalor,fuego,fuego
911_1,skeledirge,fuego,fuego/fantasma
911_2,skeledirge,fantasma,fuego/fantasma
912_1,quaxly,agua,agua
913_1,quaxwell,agua,agua
914_1,quaquaval,agua,agua/lucha
914_2,quaquaval,lucha,agua/lucha
915_1,lechonk,normal,normal
916_1,oinkologne,normal,normal
917_1,tarountula,bicho,bicho
918_1,spidops,bicho,bicho
919_1,nymble,bicho,bicho
920_1,lokix,bicho,bicho/oscuro
920_2,lokix,oscuro,bicho/oscuro
921_1,pawmi,eléctrico,eléctrico
922_1,pawmo,eléctrico,eléctrico/lucha
922_2,pawmo,lucha,eléctrico/lucha
923_1,pawmot,eléctrico,eléctrico/lucha
923_2,pawmot,lucha,eléctrico/lucha
924_1,tandemaus,normal,normal
925_1,maushold,normal,normal
926_1,fidough,hada,hada
927_1,dachsbun,hada,hada
928_1,smoliv,planta,planta/normal
928_2,smoliv,normal,planta/normal
929_1,dolliv,planta,planta/normal
929_2,dolliv,normal,planta/normal
930_1,arboliva,planta,planta/normal
930_2,arboliva,normal,planta/normal
931_1,squawkabilly,normal,normal/volador
931_2,squawkabilly,volador,normal/volador
932_1,nacli,roca,roca
933_1,naclstack,roca,roca
934_1,garganacl,roca,roca
935_1,charcadet,fuego,fuego
936_1,armarouge,fuego,fuego/psíquico
936_2,armarouge,psíquico,fuego/psíquico
937_1,ceruledge,fuego,fuego/fantasma
937_2,ceruledge,fantasma,fuego/fantasma
938_1,tadbulb,eléctrico,eléctrico
939_1,bellibolt,eléctrico,eléctrico
940_1,wattrel,eléctrico,eléctrico/volador
940_2,wattrel,volador,eléctrico/volador
941_1,kilowattrel,eléctrico,eléctrico/volador
941_2,kilowattrel,volador,eléctrico/volador
942_1,maschiff,oscuro,oscuro
943_1,mabosstiff,oscuro,oscuro
944_1,shroodle,veneno,veneno/normal
944_2,shroodle,normal,veneno/normal
945_1,grafaiai,veneno,veneno/normal
945_2,grafaiai,normal,veneno/normal
946_1,bramblin,planta,planta/fantasma
946_2,bramblin,fantasma,planta/fantasma
947_1,brambleghast,planta,planta/fantasma
947_2,brambleghast,fantasma,planta/fantasma
948_1,toedscool,tierra,tierra/planta
948_2,toedscool,planta,tierra/planta
949_1,toedscruel,tierra,tierra/planta
949_2,toedscruel,planta,tierra/planta
950_1,klawf,roca,roca
951_1,capsakid,planta,planta
952_1,scovillain,planta,planta/fuego
952_2,scovillain,fuego,planta/fuego
953_1,rellor,bicho,bicho
954_1,rabsca,bicho,bicho/psíquico
954_2,rabsca,psíquico,bicho/psíquico
955_1,flittle,psíquico,psíquico
956_1,espathra,psíquico,psíquico
957_1,tinkatink,hada,hada/acero
957_2,tinkatink,acero,hada/acero
958_1,tinkatuff,hada,hada/acero
958_2,tinkatuff,acero,hada/acero
959_1,tinkaton,hada,hada/acero
959_2,tinkaton,acero,hada/acero
960_1,wiglett,agua,agua
961_1,wugtrio,agua,agua
962_1,bombirdier,volador,volador/oscuro
962_2,bombirdier,oscuro,volador/oscuro
963_1,finizen,agua,agua
964_1,palafin,agua,agua
965_1,varoom,acero,acero/veneno
965_2,varoom,veneno,acero/veneno
966_1,revavroom,acero,acero/veneno
966_2,revavroom,veneno,acero/veneno
967_1,cyclizar,dragón,dragón/normal
967_2,cyclizar,normal,dragón/normal
968_1,orthworm,acero,acero
969_1,glimmet,roca,roca/veneno
969_2,glimmet,veneno,roca/veneno
970_1,glimmora,roca,roca/veneno
970_2,glimmora,veneno,roca/veneno
971_1,greavard,fantasma,fantasma
972_1,houndstone,fantasma,fantasma
973_1,flamigo,volador,volador/lucha
973_2,flamigo,lucha,volador/lucha
974_1,cetoddle,hielo,hielo
975_1,cetitan,hielo,hielo
976_1,veluza,agua,agua/psíquico
976_2,veluza,psíquico,agua/psíquico
977_1,dondozo,agua,agua
978_1,tatsugiri,dragón,dragón/agua
978_2,tatsugiri,agua,dragón/agua
979_1,annihilape,lucha,lucha/fantasma
979_2,annihilape,fantasma,lucha/fantasma
980_1,clodsire,veneno,veneno/tierra
980_2,clodsire,tierra,veneno/tierra
981_1,farigiraf,normal,normal/psíquico
981_2,farigiraf,psíquico,normal/psíquico
982_1,dudunsparce,normal,normal
983_1,kingambit,oscuro,oscuro/acero
983_2,kingambit,acero,oscuro/acero
984_1,great-tusk,tierra,tierra/lucha
984_2,great-tusk,lucha,tierra/lucha
985_1,scream-tail,hada,hada/psíquico
985_2,scream-tail,psíquico,hada/psíquico
986_1,brute-bonnet,planta,planta/oscuro
986_2,brute-bonnet,oscuro,planta/oscuro
987_1,flutter-mane,fantasma,fantasma/hada
987_2,flutter-mane,hada,fantasma/hada
988_1,slither-wing,bicho,bicho/lucha
988_2,slither-wing,lucha,bicho/lucha
989_1,sandy-shocks,eléctrico,eléctrico/tierra
989_2,sandy-shocks,tierra,eléctrico/tierra
990_1,iron-treads,tierra,tierra/acero
990_2,iron-treads,acero,tierra/acero
991_1,iron-bundle,hielo,hielo/agua
991_2,iron-bundle,agua,hielo/agua
992_1,iron-hands,lucha,lucha/eléctrico
992_2,iron-hands,eléctrico,lucha/eléctrico
993_1,iron-jugulis,oscuro,oscuro/volador
993_2,iron-jugulis,volador,oscuro/volador
994_1,iron-moth,fuego,fuego/veneno
994_2,iron-moth,veneno,fuego/veneno
995_1,iron-thorns,roca,roca/eléctrico
995_2,iron-thorns,eléctrico,roca/eléctrico
996_1,frigibax,dragón,dragón/hielo
996_2,frigibax,hielo,dragón/hielo
997_1,arctibax,dragón,dragón/hielo
997_2,arctibax,hielo,dragón/hielo
998_1,baxcalibur,dragón,dragón/hielo
998_2,baxcalibur,hielo,dragón/hielo
999_1,gimmighoul,fantasma,fantasma
1000_1,gholdengo,acero,acero/fantasma
1000_2,gholdengo,fantasma,acero/fantasma
1001_1,wo-chien,oscuro,oscuro/planta
1001_2,wo-chien,planta,oscuro/planta
1002_1,chien-pao,oscuro,oscuro/hielo
1002_2,chien-pao,hielo,oscuro/hielo
1003_1,ting-lu,oscuro,oscuro/tierra
1003_2,ting-lu,tierra,oscuro/tierra
1004_1,chi-yu,oscuro,oscuro/fuego
1004_2,chi-yu,fuego,oscuro/fuego
1005_1,roaring-moon,dragón,dragón/oscuro
1005_2,roaring-moon,oscuro,dragón/oscuro
1006_1,iron-valiant,hada,hada/lucha
1006_2,iron-valiant,lucha,hada/lucha
1007_1,koraidon,lucha,lucha/dragón
1007_2,koraidon,dragón,lucha/dragón
1008_1,miraidon,eléctrico,eléctrico/dragón
1008_2,miraidon,dragón,eléctrico/dragón
1009_1,walking-wake,agua,agua/dragón
1009_2,walking-wake,dragón,agua/dragón
1010_1,iron-leaves,planta,planta/psíquico
1010_2,iron-leaves,psíquico,planta/psíquico
1011_1,dipplin,planta,planta/dragón
1011_2,dipplin,dragón,planta/dragón
1012_1,poltchageist,planta,planta/fantasma
1012_2,poltchageist,fantasma,planta/fantasma
1013_1,sinistcha,planta,planta/fantasma
1013_2,sinistcha,fantasma,planta/fantasma
1014_1,okidogi,veneno,veneno/lucha
1014_2,okidogi,lucha,veneno/lucha
1015_1,munkidori,veneno,veneno/psíquico
1015_2,munkidori,psíquico,veneno/psíquico
1016_1,fezandipiti,veneno,veneno/hada
1016_2,fezandipiti,hada,veneno/hada
1017_1,ogerpon,planta,planta
1018_1,archaludon,acero,acero/dragón
1018_2,archaludon,dragón,acero/dragón
1019_1,hydrapple,planta,planta/dragón
1019_2,hydrapple,dragón,planta/dragón
1020_1,gouging-fire,fuego,fuego/dragón
1020_2,gouging-fire,dragón,fuego/dragón
1021_1,raging-bolt,eléctrico,eléctrico/dragón
1021_2,raging-bolt,dragón,eléctrico/dragón
1022_1,iron-boulder,roca,roca/psíquico
1022_2,iron-boulder,psíquico,roca/psíquico
1023_1,iron-crown,acero,acero/psíquico
1023_2,iron-crown,psíquico,acero/psíquico
1024_1,terapagos,normal,normal
1025_1,pecharunt,veneno,veneno/fantasma
1025_2,pecharunt,fantasma,veneno/fantasma
